<?xml version="1.0" encoding="UTF-8"?>

<mule xmlns:ee="http://www.mulesoft.org/schema/mule/ee/core" xmlns:file="http://www.mulesoft.org/schema/mule/file" xmlns="http://www.mulesoft.org/schema/mule/core" xmlns:doc="http://www.mulesoft.org/schema/mule/documentation"
	xmlns:spring="http://www.springframework.org/schema/beans" 
	xmlns:xsi="http://www.w3.org/2001/XMLSchema-instance"
	xsi:schemaLocation="http://www.springframework.org/schema/beans http://www.springframework.org/schema/beans/spring-beans-current.xsd
http://www.mulesoft.org/schema/mule/core http://www.mulesoft.org/schema/mule/core/current/mule.xsd
http://www.mulesoft.org/schema/mule/file http://www.mulesoft.org/schema/mule/file/current/mule-file.xsd
http://www.mulesoft.org/schema/mule/ee/core http://www.mulesoft.org/schema/mule/ee/core/current/mule-ee.xsd">
    <flow name="scatter-and-gather-demoFlow">
        <file:inbound-endpoint path="C:\Users\vidavid\Desktop\mule\input" responseTimeout="10000" doc:name="File"/>
        <logger message="#[message.payloadAs(java.lang.String)]" level="INFO" doc:name="Logger"/>
        <base64-encoder-transformer doc:name="encoder"
        xmlns:file="http://www.mulesoft.org/schema/mule/core" encoding="UTF-8"></base64-encoder-transformer>
        <logger message="#[message.payloadAs(java.lang.String)]" level="INFO" doc:name="Logger"/>
        <scatter-gather doc:name="Scatter-Gather">
            <file:outbound-endpoint path="C:\Users\vidavid\Desktop\mule\output1" responseTimeout="10000" doc:name="File"/>
            <file:outbound-endpoint path="C:\Users\vidavid\Desktop\mule\output2" responseTimeout="10000" doc:name="File"/>
        </scatter-gather>
    </flow>
    <flow name="scatter-and-gather-demoFlow1">
        <file:inbound-endpoint responseTimeout="10000" doc:name="File" path="C:\Users\vidavid\Desktop\mule\output2"/>
        <logger message="#[message.payloadAs(java.lang.String)]" level="INFO" doc:name="Logger"/>
        <base64-decoder-transformer  xmlns:file="http://www.mulesoft.org/schema/mule/core"  
        doc:name="decoder" encoding="UTF-8"></base64-decoder-transformer>
        <logger message="#[message.payloadAs(java.lang.String)]" level="INFO" doc:name="Logger"/>
        <file:outbound-endpoint path="C:\Users\vidavid\Desktop\mule\actuals" responseTimeout="10000" doc:name="File"/>
        
    </flow>
</mule>
